{"cameraMode":{"drawMode":0,"name":"Shaded","section":"Shading Mode"},"sceneLighting":false,"audioPlay":false,"sceneViewState":{"m_AlwaysRefresh":false,"showFog":true,"showSkybox":true,"showFlares":true,"showImageEffects":true,"showParticleSystems":true,"showVisualEffectGraphs":true,"m_FxEnabled":true},"in2DMode":false,"pivot":{"x":-1.4755104780197144,"y":0.12641732394695283,"z":5.031245231628418},"rotation":{"x":0.10417894273996353,"y":0.3879348337650299,"z":-0.044209081679582599,"w":0.9147545695304871},"size":3.475823163986206,"orthographic":false}